method,seed,accuracy,macro_f1,macro_precision,macro_recall,nll,brier,ece
Gaussian NB,,0.9194444444444444,0.920200039955537,0.9242642276698003,0.9197061347061346,0.6295857788359301,0.13371351684738803,0.06333158042583954
MAP,11,0.9777777777777777,0.9777223253000338,0.9781171831171831,0.9776898326898327,0.10249398154729149,0.04003649738187867,0.009722431179243013
Laplace,11,0.9777777777777777,0.9777223253000338,0.9781171831171831,0.9776898326898327,0.14772147597354152,0.053931353595482,0.07694812182076857
Matched MAP,11,0.9777777777777777,0.9777223253000338,0.9781171831171831,0.9776898326898327,0.09754241007609707,0.041464817184580165,0.022707587087170224
Diagonal Laplace,11,0.9777777777777777,0.9777223253000338,0.9781171831171831,0.9776898326898327,0.2287667074760904,0.07918298340611513,0.14695630649062336
MAP,22,0.9805555555555555,0.9804591838812078,0.9808902923608805,0.9803925353925352,0.0957825525913222,0.03765826332551762,0.015969760024282437
Laplace,22,0.9777777777777777,0.9775547940132892,0.978098463098463,0.9775353925353925,0.15194306901746651,0.054335875278411896,0.08236665460976925
Matched MAP,22,0.9777777777777777,0.9777184294281247,0.9783298371688465,0.9776898326898327,0.09431289719082894,0.0399815484610019,0.025537886439699422
Diagonal Laplace,22,0.9805555555555555,0.9803017317802418,0.980674454358665,0.9803925353925352,0.2289854114718047,0.0781457096721505,0.15246573702843674
MAP,33,0.975,0.9747394405910121,0.9763495326872693,0.9745988845988846,0.09900042807523646,0.04188613778022611,0.025972479118932103
Laplace,33,0.975,0.9746022147495609,0.9758278524704671,0.9745988845988846,0.15285969843237826,0.05581977305659414,0.08098519358875612
Matched MAP,33,0.975,0.9747394405910121,0.9763495326872693,0.9745988845988846,0.09900042807523646,0.04188613778022611,0.025972479118932103
Diagonal Laplace,33,0.9722222222222222,0.9719616628132345,0.9735717549094914,0.9718211068211067,0.22915871697726423,0.07939492279585665,0.14266973816026146
